,game_id,team_abbrev,opponent_abbrev,team_score,opponent_score,win
0,202201010BRK,LAC,BRK,120,116,True
1,202201010BRK,BRK,LAC,116,120,False
2,202201010DET,SAS,DET,116,117,False
3,202201010DET,DET,SAS,117,116,True
4,202201010HOU,HOU,DEN,111,124,False
5,202201010HOU,DEN,HOU,124,111,True
6,202201010MIL,MIL,NOP,136,113,True
7,202201010MIL,NOP,MIL,113,136,False
8,202201010UTA,GSW,UTA,123,116,True
9,202201010UTA,UTA,GSW,116,123,False
10,202201010WAS,CHI,WAS,120,119,True
11,202201010WAS,WAS,CHI,119,120,False
12,202201020BOS,BOS,ORL,116,111,True
13,202201020BOS,ORL,BOS,111,116,False
14,202201020CHO,CHO,PHO,99,133,False
15,202201020CHO,PHO,CHO,133,99,True
16,202201020CLE,CLE,IND,108,104,True
17,202201020CLE,IND,CLE,104,108,False
18,202201020LAL,LAL,MIN,108,103,True
19,202201020LAL,MIN,LAL,103,108,False
20,202201020OKC,DAL,OKC,95,86,True
21,202201020OKC,OKC,DAL,86,95,False
22,202201020SAC,SAC,MIA,115,113,True
23,202201020SAC,MIA,SAC,113,115,False
24,202201020TOR,TOR,NYK,120,105,True
25,202201020TOR,NYK,TOR,105,120,False
26,202201030BRK,BRK,MEM,104,118,False
27,202201030BRK,MEM,BRK,118,104,True
28,202201030CHI,CHI,ORL,102,98,True
29,202201030CHI,ORL,CHI,98,102,False
30,202201030DAL,DAL,DEN,103,89,True
31,202201030DAL,DEN,DAL,89,103,False
32,202201030GSW,GSW,MIA,115,108,True
33,202201030GSW,MIA,GSW,108,115,False
34,202201030LAC,MIN,LAC,122,104,True
35,202201030LAC,LAC,MIN,104,122,False
36,202201030MIL,DET,MIL,115,106,True
37,202201030MIL,MIL,DET,106,115,False
38,202201030NOP,UTA,NOP,115,104,True
39,202201030NOP,NOP,UTA,104,115,False
40,202201030PHI,PHI,HOU,133,113,True
41,202201030PHI,HOU,PHI,113,133,False
42,202201030POR,ATL,POR,131,136,False
43,202201030POR,POR,ATL,136,131,True
44,202201030WAS,WAS,CHO,124,121,True
45,202201030WAS,CHO,WAS,121,124,False
46,202201040CLE,CLE,MEM,106,110,False
47,202201040CLE,MEM,CLE,110,106,True
48,202201040LAL,SAC,LAL,114,122,False
49,202201040LAL,LAL,SAC,122,114,True
50,202201040NOP,NOP,PHO,110,123,False
51,202201040NOP,PHO,NOP,123,110,True
52,202201040NYK,NYK,IND,104,94,True
53,202201040NYK,IND,NYK,94,104,False
54,202201040TOR,TOR,SAS,129,104,True
55,202201040TOR,SAS,TOR,104,129,False
56,202201050BOS,BOS,SAS,97,99,False
57,202201050BOS,SAS,BOS,99,97,True
58,202201050CHO,DET,CHO,111,140,False
59,202201050CHO,CHO,DET,140,111,True
60,202201050DAL,DAL,GSW,99,82,True
61,202201050DAL,GSW,DAL,82,99,False
62,202201050DEN,UTA,DEN,115,109,True
63,202201050DEN,DEN,UTA,109,115,False
64,202201050IND,IND,BRK,121,129,False
65,202201050IND,BRK,IND,129,121,True
66,202201050MIL,MIL,TOR,111,117,False
67,202201050MIL,TOR,MIL,117,111,True
68,202201050MIN,MIN,OKC,98,90,True
69,202201050MIN,OKC,MIN,90,98,False
70,202201050ORL,PHI,ORL,116,106,True
71,202201050ORL,ORL,PHI,106,116,False
72,202201050POR,MIA,POR,115,109,True
73,202201050POR,POR,MIA,109,115,False
74,202201050SAC,SAC,ATL,102,108,False
75,202201050SAC,ATL,SAC,108,102,True
76,202201050WAS,WAS,HOU,111,114,False
77,202201050WAS,HOU,WAS,114,111,True
78,202201060MEM,MEM,DET,118,88,True
79,202201060MEM,DET,MEM,88,118,False
80,202201060NOP,NOP,GSW,101,96,True
81,202201060NOP,GSW,NOP,96,101,False
82,202201060NYK,NYK,BOS,108,105,True
83,202201060NYK,BOS,NYK,105,108,False
84,202201060PHO,PHO,LAC,106,89,True
85,202201060PHO,LAC,PHO,89,106,False
86,202201070BRK,BRK,MIL,109,121,False
87,202201070BRK,MIL,BRK,121,109,True
88,202201070CHI,CHI,WAS,130,122,True
89,202201070CHI,WAS,CHI,122,130,False
90,202201070DEN,DEN,SAC,121,111,True
91,202201070DEN,SAC,DEN,111,121,False
92,202201070HOU,HOU,DAL,106,130,False
93,202201070HOU,DAL,HOU,130,106,True
94,202201070LAL,LAL,ATL,134,118,True
95,202201070LAL,ATL,LAL,118,134,False
96,202201070OKC,MIN,OKC,135,105,True
97,202201070OKC,OKC,MIN,105,135,False
98,202201070PHI,PHI,SAS,119,100,True
99,202201070PHI,SAS,PHI,100,119,False
100,202201070POR,POR,CLE,101,114,False
101,202201070POR,CLE,POR,114,101,True
102,202201070TOR,UTA,TOR,108,122,False
103,202201070TOR,TOR,UTA,122,108,True
104,202201080BOS,BOS,NYK,99,75,True
105,202201080BOS,NYK,BOS,75,99,False
106,202201080CHO,MIL,CHO,106,114,False
107,202201080CHO,CHO,MIL,114,106,True
108,202201080DET,ORL,DET,92,97,False
109,202201080DET,DET,ORL,97,92,True
110,202201080IND,UTA,IND,113,125,False
111,202201080IND,IND,UTA,125,113,True
112,202201080LAC,MEM,LAC,123,108,True
113,202201080LAC,LAC,MEM,108,123,False
114,202201080PHO,PHO,MIA,100,123,False
115,202201080PHO,MIA,PHO,123,100,True
116,202201090BRK,BRK,SAS,121,119,True
117,202201090BRK,SAS,BRK,119,121,False
118,202201090DAL,CHI,DAL,99,113,False
119,202201090DAL,DAL,CHI,113,99,True
120,202201090GSW,CLE,GSW,82,96,False
121,202201090GSW,GSW,CLE,96,82,True
122,202201090HOU,MIN,HOU,141,123,True
123,202201090HOU,HOU,MIN,123,141,False
124,202201090LAC,ATL,LAC,93,106,False
125,202201090LAC,LAC,ATL,106,93,True
126,202201090LAL,LAL,MEM,119,127,False
127,202201090LAL,MEM,LAL,127,119,True
128,202201090OKC,OKC,DEN,95,99,False
129,202201090OKC,DEN,OKC,99,95,True
130,202201090ORL,WAS,ORL,102,100,True
131,202201090ORL,ORL,WAS,100,102,False
132,202201090POR,SAC,POR,88,103,False
133,202201090POR,POR,SAC,103,88,True
134,202201090TOR,NOP,TOR,101,105,False
135,202201090TOR,TOR,NOP,105,101,True
136,202201100BOS,BOS,IND,101,98,True
137,202201100BOS,IND,BOS,98,101,False
138,202201100CHO,MIL,CHO,99,103,False
139,202201100CHO,CHO,MIL,103,99,True
140,202201100DET,UTA,DET,116,126,False
141,202201100DET,DET,UTA,126,116,True
142,202201100HOU,HOU,PHI,91,111,False
143,202201100HOU,PHI,HOU,111,91,True
144,202201100NYK,SAS,NYK,96,111,False
145,202201100NYK,NYK,SAS,111,96,True
146,202201100POR,BRK,POR,108,114,False
147,202201100POR,POR,BRK,114,108,True
148,202201100SAC,CLE,SAC,109,108,True
149,202201100SAC,SAC,CLE,108,109,False
150,202201110CHI,CHI,DET,133,87,True
151,202201110CHI,DET,CHI,87,133,False
152,202201110LAC,LAC,DEN,87,85,True
153,202201110LAC,DEN,LAC,85,87,False
154,202201110MEM,GSW,MEM,108,116,False
155,202201110MEM,MEM,GSW,116,108,True
156,202201110NOP,NOP,MIN,128,125,True
157,202201110NOP,MIN,NOP,125,128,False
158,202201110TOR,TOR,PHO,95,99,False
159,202201110TOR,PHO,TOR,99,95,True
160,202201110WAS,OKC,WAS,118,122,False
161,202201110WAS,WAS,OKC,122,118,True
162,202201120ATL,MIA,ATL,115,91,True
163,202201120ATL,ATL,MIA,91,115,False
164,202201120CHI,BRK,CHI,138,112,True
165,202201120CHI,CHI,BRK,112,138,False
166,202201120IND,BOS,IND,119,100,True
167,202201120IND,IND,BOS,100,119,False
168,202201120NYK,NYK,DAL,108,85,True
169,202201120NYK,DAL,NYK,85,108,False
170,202201120PHI,PHI,CHO,98,109,False
171,202201120PHI,CHO,PHI,109,98,True
172,202201120SAC,SAC,LAL,125,116,True
173,202201120SAC,LAL,SAC,116,125,False
174,202201120SAS,HOU,SAS,128,124,True
175,202201120SAS,SAS,HOU,124,128,False
176,202201120UTA,CLE,UTA,111,91,True
177,202201120UTA,UTA,CLE,91,111,False
178,202201120WAS,ORL,WAS,106,112,False
179,202201120WAS,WAS,ORL,112,106,True
180,202201130BRK,BRK,OKC,109,130,False
181,202201130BRK,OKC,BRK,130,109,True
182,202201130DEN,POR,DEN,108,140,False
183,202201130DEN,DEN,POR,140,108,True
184,202201130MEM,MEM,MIN,116,108,True
185,202201130MEM,MIN,MEM,108,116,False
186,202201130MIL,MIL,GSW,118,99,True
187,202201130MIL,GSW,MIL,99,118,False
188,202201130NOP,NOP,LAC,113,89,True
189,202201130NOP,LAC,NOP,89,113,False
190,202201140CHI,CHI,GSW,96,138,False
191,202201140CHI,GSW,CHI,138,96,True
192,202201140CHO,ORL,CHO,116,109,True
193,202201140CHO,CHO,ORL,109,116,False
194,202201140DET,DET,TOR,103,87,True
195,202201140DET,TOR,DET,87,103,False
196,202201140IND,PHO,IND,112,94,True
197,202201140IND,IND,PHO,94,112,False
198,202201140MEM,MEM,DAL,85,112,False
199,202201140MEM,DAL,MEM,112,85,True
200,202201140MIA,ATL,MIA,118,124,False
201,202201140MIA,MIA,ATL,124,118,True
202,202201140PHI,PHI,BOS,111,99,True
203,202201140PHI,BOS,PHI,99,111,False
204,202201140SAC,HOU,SAC,114,126,False
205,202201140SAC,SAC,HOU,126,114,True
206,202201140SAS,SAS,CLE,109,114,False
207,202201140SAS,CLE,SAS,114,109,True
208,202201150ATL,NYK,ATL,117,108,True
209,202201150ATL,ATL,NYK,108,117,False
210,202201150BOS,BOS,CHI,114,112,True
211,202201150BOS,CHI,BOS,112,114,False
212,202201150BRK,NOP,BRK,105,120,False
213,202201150BRK,BRK,NOP,120,105,True
214,202201150DAL,ORL,DAL,92,108,False
215,202201150DAL,DAL,ORL,108,92,True
216,202201150DEN,LAL,DEN,96,133,False
217,202201150DEN,DEN,LAL,133,96,True
218,202201150MIA,MIA,PHI,98,109,False
219,202201150MIA,PHI,MIA,109,98,True
220,202201150MIL,MIL,TOR,96,103,False
221,202201150MIL,TOR,MIL,103,96,True
222,202201150OKC,CLE,OKC,107,102,True
223,202201150OKC,OKC,CLE,102,107,False
224,202201150SAS,LAC,SAS,94,101,False
225,202201150SAS,SAS,LAC,101,94,True
226,202201150WAS,POR,WAS,115,110,True
227,202201150WAS,WAS,POR,110,115,False
228,202201160DEN,UTA,DEN,125,102,True
229,202201160DEN,DEN,UTA,102,125,False
230,202201160DET,DET,PHO,108,135,False
231,202201160DET,PHO,DET,135,108,True
232,202201160MIN,GSW,MIN,99,119,False
233,202201160MIN,MIN,GSW,119,99,True
234,202201160SAC,HOU,SAC,118,112,True
235,202201160SAC,SAC,HOU,112,118,False
236,202201170ATL,MIL,ATL,114,121,False
237,202201170ATL,ATL,MIL,121,114,True
238,202201170BOS,BOS,NOP,104,92,True
239,202201170BOS,NOP,BOS,92,104,False
240,202201170CLE,BRK,CLE,107,114,False
241,202201170CLE,CLE,BRK,114,107,True
242,202201170DAL,DAL,OKC,104,102,True
243,202201170DAL,OKC,DAL,102,104,False
244,202201170LAC,IND,LAC,133,139,False
245,202201170LAC,LAC,IND,139,133,True
246,202201170LAL,UTA,LAL,95,101,False
247,202201170LAL,LAL,UTA,101,95,True
248,202201170MEM,CHI,MEM,106,119,False
249,202201170MEM,MEM,CHI,119,106,True
250,202201170MIA,TOR,MIA,99,104,False
251,202201170MIA,MIA,TOR,104,99,True
252,202201170NYK,NYK,CHO,87,97,False
253,202201170NYK,CHO,NYK,97,87,True
254,202201170ORL,POR,ORL,98,88,True
255,202201170ORL,ORL,POR,88,98,False
256,202201170SAS,SAS,PHO,107,121,False
257,202201170SAS,PHO,SAS,121,107,True
258,202201170WAS,PHI,WAS,98,117,False
259,202201170WAS,WAS,PHI,117,98,True
260,202201180GSW,GSW,DET,102,86,True
261,202201180GSW,DET,GSW,86,102,False
262,202201180NYK,MIN,NYK,112,110,True
263,202201180NYK,NYK,MIN,110,112,False
264,202201190ATL,MIN,ATL,122,134,False
265,202201190ATL,ATL,MIN,134,122,True
266,202201190BOS,BOS,CHO,102,111,False
267,202201190BOS,CHO,BOS,111,102,True
268,202201190CHI,CLE,CHI,104,117,False
269,202201190CHI,CHI,CLE,117,104,True
270,202201190DAL,DAL,TOR,102,98,True
271,202201190DAL,TOR,DAL,98,102,False
272,202201190DEN,DEN,LAC,130,128,True
273,202201190DEN,LAC,DEN,128,130,False
274,202201190LAL,IND,LAL,111,104,True
275,202201190LAL,LAL,IND,104,111,False
276,202201190MIA,POR,MIA,92,104,False
277,202201190MIA,MIA,POR,104,92,True
278,202201190MIL,MEM,MIL,114,126,False
279,202201190MIL,MIL,MEM,126,114,True
280,202201190PHI,ORL,PHI,110,123,False
281,202201190PHI,PHI,ORL,123,110,True
282,202201190SAC,DET,SAC,133,131,True
283,202201190SAC,SAC,DET,131,133,False
284,202201190SAS,SAS,OKC,118,96,True
285,202201190SAS,OKC,SAS,96,118,False
286,202201190UTA,UTA,HOU,111,116,False
287,202201190UTA,HOU,UTA,116,111,True
288,202201190WAS,BRK,WAS,119,118,True
289,202201190WAS,WAS,BRK,118,119,False
290,202201200DAL,PHO,DAL,109,101,True
291,202201200DAL,DAL,PHO,101,109,False
292,202201200GSW,GSW,IND,117,121,False
293,202201200GSW,IND,GSW,121,117,True
294,202201200NYK,NOP,NYK,102,91,True
295,202201200NYK,NYK,NOP,91,102,False
296,202201210ATL,ATL,MIA,110,108,True
297,202201210ATL,MIA,ATL,108,110,False
298,202201210BOS,POR,BOS,109,105,True
299,202201210BOS,BOS,POR,105,109,False
300,202201210CHO,CHO,OKC,121,98,True
301,202201210CHO,OKC,CHO,98,121,False
302,202201210DEN,MEM,DEN,122,118,True
303,202201210DEN,DEN,MEM,118,122,False
304,202201210GSW,HOU,GSW,103,105,False
305,202201210GSW,GSW,HOU,105,103,True
306,202201210MIL,MIL,CHI,94,90,True
307,202201210MIL,CHI,MIL,90,94,False
308,202201210ORL,ORL,LAL,105,116,False
309,202201210ORL,LAL,ORL,116,105,True
310,202201210PHI,PHI,LAC,101,102,False
311,202201210PHI,LAC,PHI,102,101,True
312,202201210SAS,SAS,BRK,102,117,False
313,202201210SAS,BRK,SAS,117,102,True
314,202201210UTA,DET,UTA,101,111,False
315,202201210UTA,UTA,DET,111,101,True
316,202201210WAS,WAS,TOR,105,109,False
317,202201210WAS,TOR,WAS,109,105,True
318,202201220CLE,CLE,OKC,94,87,True
319,202201220CLE,OKC,CLE,87,94,False
320,202201220MIL,MIL,SAC,133,127,True
321,202201220MIL,SAC,MIL,127,133,False
322,202201220PHO,PHO,IND,113,103,True
323,202201220PHO,IND,PHO,103,113,False
324,202201230CHO,ATL,CHO,113,91,True
325,202201230CHO,CHO,ATL,91,113,False
326,202201230DAL,MEM,DAL,91,104,False
327,202201230DAL,DAL,MEM,104,91,True
328,202201230DEN,DET,DEN,111,117,False
329,202201230DEN,DEN,DET,117,111,True
330,202201230GSW,UTA,GSW,92,94,False
331,202201230GSW,GSW,UTA,94,92,True
332,202201230MIA,LAL,MIA,107,113,False
333,202201230MIA,MIA,LAL,113,107,True
334,202201230MIN,BRK,MIN,125,136,False
335,202201230MIN,MIN,BRK,136,125,True
336,202201230NYK,NYK,LAC,110,102,True
337,202201230NYK,LAC,NYK,102,110,False
338,202201230ORL,ORL,CHI,114,95,True
339,202201230ORL,CHI,ORL,95,114,False
340,202201230SAS,PHI,SAS,115,109,True
341,202201230SAS,SAS,PHI,109,115,False
342,202201230TOR,POR,TOR,114,105,True
343,202201230TOR,TOR,POR,105,114,False
344,202201230WAS,WAS,BOS,87,116,False
345,202201230WAS,BOS,WAS,116,87,True
346,202201240CLE,NYK,CLE,93,95,False
347,202201240CLE,CLE,NYK,95,93,True
348,202201240NOP,NOP,IND,117,113,True
349,202201240NOP,IND,NOP,113,117,False
350,202201240OKC,CHI,OKC,111,110,True
351,202201240OKC,OKC,CHI,110,111,False
352,202201240PHO,UTA,PHO,109,115,False
353,202201240PHO,PHO,UTA,115,109,True
354,202201250BOS,BOS,SAC,128,75,True
355,202201250BOS,SAC,BOS,75,128,False
356,202201250BRK,BRK,LAL,96,106,False
357,202201250BRK,LAL,BRK,106,96,True
358,202201250DET,DEN,DET,110,105,True
359,202201250DET,DET,DEN,105,110,False
360,202201250GSW,GSW,DAL,130,92,True
361,202201250GSW,DAL,GSW,92,130,False
362,202201250HOU,HOU,SAS,104,134,False
363,202201250HOU,SAS,HOU,134,104,True
364,202201250PHI,NOP,PHI,107,117,False
365,202201250PHI,PHI,NOP,117,107,True
366,202201250POR,MIN,POR,109,107,True
367,202201250POR,POR,MIN,107,109,False
368,202201250TOR,CHO,TOR,113,125,False
369,202201250TOR,TOR,CHO,125,113,True
370,202201250WAS,WAS,LAC,115,116,False
371,202201250WAS,LAC,WAS,116,115,True
372,202201260ATL,ATL,SAC,121,104,True
373,202201260ATL,SAC,ATL,104,121,False
374,202201260BRK,DEN,BRK,124,118,True
375,202201260BRK,BRK,DEN,118,124,False
376,202201260CHI,TOR,CHI,105,111,False
377,202201260CHI,CHI,TOR,111,105,True
378,202201260CLE,MIL,CLE,99,115,False
379,202201260CLE,CLE,MIL,115,99,True
380,202201260IND,CHO,IND,158,126,True
381,202201260IND,IND,CHO,126,158,False
382,202201260MIA,NYK,MIA,96,110,False
383,202201260MIA,MIA,NYK,110,96,True
384,202201260ORL,ORL,LAC,102,111,False
385,202201260ORL,LAC,ORL,111,102,True
386,202201260POR,POR,DAL,112,132,False
387,202201260POR,DAL,POR,132,112,True
388,202201260SAS,SAS,MEM,110,118,False
389,202201260SAS,MEM,SAS,118,110,True
390,202201260UTA,PHO,UTA,105,97,True
391,202201260UTA,UTA,PHO,97,105,False
392,202201270GSW,GSW,MIN,124,115,True
393,202201270GSW,MIN,GSW,115,124,False
394,202201270PHI,PHI,LAL,105,87,True
395,202201270PHI,LAL,PHI,87,105,False
396,202201280ATL,BOS,ATL,92,108,False
397,202201280ATL,ATL,BOS,108,92,True
398,202201280CHO,LAL,CHO,114,117,False
399,202201280CHO,CHO,LAL,117,114,True
400,202201280HOU,HOU,POR,110,125,False
401,202201280HOU,POR,HOU,125,110,True
402,202201280MEM,UTA,MEM,109,119,False
403,202201280MEM,MEM,UTA,119,109,True
404,202201280MIA,MIA,LAC,121,114,True
405,202201280MIA,LAC,MIA,114,121,False
406,202201280MIL,NYK,MIL,108,123,False
407,202201280MIL,MIL,NYK,123,108,True
408,202201280NOP,DEN,NOP,116,105,True
409,202201280NOP,NOP,DEN,105,116,False
410,202201280OKC,IND,OKC,113,110,True
411,202201280OKC,OKC,IND,110,113,False
412,202201280ORL,ORL,DET,119,103,True
413,202201280ORL,DET,ORL,103,119,False
414,202201280PHO,PHO,MIN,134,124,True
415,202201280PHO,MIN,PHO,124,134,False
416,202201280SAS,CHI,SAS,122,131,False
417,202201280SAS,SAS,CHI,131,122,True
418,202201290DAL,DAL,IND,132,105,True
419,202201290DAL,IND,DAL,105,132,False
420,202201290GSW,BRK,GSW,106,110,False
421,202201290GSW,GSW,BRK,110,106,True
422,202201290MEM,WAS,MEM,95,115,False
423,202201290MEM,MEM,WAS,115,95,True
424,202201290MIA,MIA,TOR,120,124,False
425,202201290MIA,TOR,MIA,124,120,True
426,202201290NOP,NOP,BOS,97,107,False
427,202201290NOP,BOS,NOP,107,97,True
428,202201290PHI,PHI,SAC,103,101,True
429,202201290PHI,SAC,PHI,101,103,False
430,202201300ATL,ATL,LAL,129,121,True
431,202201300ATL,LAL,ATL,121,129,False
432,202201300CHI,POR,CHI,116,130,False
433,202201300CHI,CHI,POR,130,116,True
434,202201300CHO,CHO,LAC,90,115,False
435,202201300CHO,LAC,CHO,115,90,True
436,202201300DET,DET,CLE,115,105,True
437,202201300DET,CLE,DET,105,115,False
438,202201300MIL,MIL,DEN,100,136,False
439,202201300MIL,DEN,MIL,136,100,True
440,202201300MIN,UTA,MIN,106,126,False
441,202201300MIN,MIN,UTA,126,106,True
442,202201300ORL,ORL,DAL,110,108,True
443,202201300ORL,DAL,ORL,108,110,False
444,202201300PHO,SAS,PHO,110,115,False
445,202201300PHO,PHO,SAS,115,110,True
446,202201310ATL,TOR,ATL,106,100,True
447,202201310ATL,ATL,TOR,100,106,False
448,202201310BOS,BOS,MIA,122,92,True
449,202201310BOS,MIA,BOS,92,122,False
450,202201310CLE,CLE,NOP,93,90,True
451,202201310CLE,NOP,CLE,90,93,False
452,202201310HOU,HOU,GSW,108,122,False
453,202201310HOU,GSW,HOU,122,108,True
454,202201310IND,IND,LAC,122,116,True
455,202201310IND,LAC,IND,116,122,False
456,202201310NYK,NYK,SAC,116,96,True
457,202201310NYK,SAC,NYK,96,116,False
458,202201310OKC,POR,OKC,81,98,False
459,202201310OKC,OKC,POR,98,81,True
460,202201310PHI,PHI,MEM,122,119,True
461,202201310PHI,MEM,PHI,119,122,False
462,202202010CHI,CHI,ORL,126,115,True
463,202202010CHI,ORL,CHI,115,126,False
464,202202010DET,DET,NOP,101,111,False
465,202202010DET,NOP,DET,111,101,True
466,202202010MIL,WAS,MIL,98,112,False
467,202202010MIL,MIL,WAS,112,98,True
468,202202010MIN,MIN,DEN,130,115,True
469,202202010MIN,DEN,MIN,115,130,False
470,202202010PHO,BRK,PHO,111,121,False
471,202202010PHO,PHO,BRK,121,111,True
472,202202010SAS,SAS,GSW,120,124,False
473,202202010SAS,GSW,SAS,124,120,True
474,202202010TOR,TOR,MIA,110,106,True
475,202202010TOR,MIA,TOR,106,110,False
476,202202020BOS,CHO,BOS,107,113,False
477,202202020BOS,BOS,CHO,113,107,True
478,202202020DAL,DAL,OKC,114,120,False
479,202202020DAL,OKC,DAL,120,114,True
480,202202020HOU,CLE,HOU,104,115,False
481,202202020HOU,HOU,CLE,115,104,True
482,202202020IND,IND,ORL,118,119,False
483,202202020IND,ORL,IND,119,118,True
484,202202020LAL,LAL,POR,99,94,True
485,202202020LAL,POR,LAL,94,99,False
486,202202020NYK,MEM,NYK,120,108,True
487,202202020NYK,NYK,MEM,108,120,False
488,202202020PHI,PHI,WAS,103,106,False
489,202202020PHI,WAS,PHI,106,103,True
490,202202020SAC,SAC,BRK,112,101,True
491,202202020SAC,BRK,SAC,101,112,False
492,202202020UTA,UTA,DEN,108,104,True
493,202202020UTA,DEN,UTA,104,108,False
494,202202030ATL,PHO,ATL,115,124,False
495,202202030ATL,ATL,PHO,124,115,True
496,202202030DET,MIN,DET,128,117,True
497,202202030DET,DET,MIN,117,128,False
498,202202030GSW,GSW,SAC,126,114,True
499,202202030GSW,SAC,GSW,114,126,False
500,202202030LAC,LAL,LAC,110,111,False
501,202202030LAC,LAC,LAL,111,110,True
502,202202030SAS,MIA,SAS,112,95,True
503,202202030SAS,SAS,MIA,95,112,False
504,202202030TOR,TOR,CHI,127,120,True
505,202202030TOR,CHI,TOR,120,127,False
506,202202040CHO,CHO,CLE,101,102,False
507,202202040CHO,CLE,CHO,102,101,True
508,202202040DAL,PHI,DAL,98,107,False
509,202202040DAL,DAL,PHI,107,98,True
510,202202040DEN,NOP,DEN,113,105,True
511,202202040DEN,DEN,NOP,105,113,False
512,202202040DET,BOS,DET,102,93,True
513,202202040DET,DET,BOS,93,102,False
514,202202040IND,IND,CHI,115,122,False
515,202202040IND,CHI,IND,122,115,True
516,202202040POR,OKC,POR,96,93,True
517,202202040POR,POR,OKC,93,96,False
518,202202040SAS,SAS,HOU,131,106,True
519,202202040SAS,HOU,SAS,106,131,False
520,202202040TOR,ATL,TOR,114,125,False
521,202202040TOR,TOR,ATL,125,114,True
522,202202040UTA,UTA,BRK,125,102,True
523,202202040UTA,BRK,UTA,102,125,False
524,202202050CHO,MIA,CHO,104,86,True
525,202202050CHO,CHO,MIA,86,104,False
526,202202050LAL,NYK,LAL,115,122,False
527,202202050LAL,LAL,NYK,122,115,True
528,202202050ORL,MEM,ORL,135,115,True
529,202202050ORL,ORL,MEM,115,135,False
530,202202050POR,POR,MIL,108,137,False
531,202202050POR,MIL,POR,137,108,True
532,202202050SAC,OKC,SAC,103,113,False
533,202202050SAC,SAC,OKC,113,103,True
534,202202050WAS,PHO,WAS,95,80,True
535,202202050WAS,WAS,PHO,80,95,False
536,202202060CHI,PHI,CHI,119,108,True
537,202202060CHI,CHI,PHI,108,119,False
538,202202060CLE,CLE,IND,98,85,True
539,202202060CLE,IND,CLE,85,98,False
540,202202060DAL,DAL,ATL,103,94,True
541,202202060DAL,ATL,DAL,94,103,False
542,202202060DEN,DEN,BRK,124,104,True
543,202202060DEN,BRK,DEN,104,124,False
544,202202060HOU,HOU,NOP,107,120,False
545,202202060HOU,NOP,HOU,120,107,True
546,202202060LAC,LAC,MIL,113,137,False
547,202202060LAC,MIL,LAC,137,113,True
548,202202060MIN,MIN,DET,118,105,True
549,202202060MIN,DET,MIN,105,118,False
550,202202060ORL,BOS,ORL,116,83,True
551,202202060ORL,ORL,BOS,83,116,False
552,202202070CHI,PHO,CHI,127,124,True
553,202202070CHI,CHI,PHO,124,127,False
554,202202070CHO,TOR,CHO,116,101,True
555,202202070CHO,CHO,TOR,101,116,False
556,202202070OKC,OKC,GSW,98,110,False
557,202202070OKC,GSW,OKC,110,98,True
558,202202070UTA,NYK,UTA,104,113,False
559,202202070UTA,UTA,NYK,113,104,True
560,202202070WAS,WAS,MIA,100,121,False
561,202202070WAS,MIA,WAS,121,100,True
562,202202080ATL,ATL,IND,133,112,True
563,202202080ATL,IND,ATL,112,133,False
564,202202080BRK,BOS,BRK,126,91,True
565,202202080BRK,BRK,BOS,91,126,False
566,202202080DAL,DET,DAL,86,116,False
567,202202080DAL,DAL,DET,116,86,True
568,202202080DEN,NYK,DEN,115,132,False
569,202202080DEN,DEN,NYK,132,115,True
570,202202080LAL,MIL,LAL,131,116,True
571,202202080LAL,LAL,MIL,116,131,False
572,202202080MEM,MEM,LAC,135,109,True
573,202202080MEM,LAC,MEM,109,135,False
574,202202080NOP,HOU,NOP,97,110,False
575,202202080NOP,NOP,HOU,110,97,True
576,202202080PHI,PHI,PHO,109,114,False
577,202202080PHI,PHO,PHI,114,109,True
578,202202080POR,ORL,POR,113,95,True
579,202202080POR,POR,ORL,95,113,False
580,202202080SAC,SAC,MIN,114,134,False
581,202202080SAC,MIN,SAC,134,114,True
582,202202090CHO,CHI,CHO,121,109,True
583,202202090CHO,CHO,CHI,109,121,False
584,202202090CLE,CLE,SAS,105,92,True
585,202202090CLE,SAS,CLE,92,105,False
586,202202090OKC,TOR,OKC,117,98,True
587,202202090OKC,OKC,TOR,98,117,False
588,202202090POR,POR,LAL,107,105,True
589,202202090POR,LAL,POR,105,107,False
590,202202090SAC,SAC,MIN,132,119,True
591,202202090SAC,MIN,SAC,119,132,False
592,202202090UTA,GSW,UTA,85,111,False
593,202202090UTA,UTA,GSW,111,85,True
594,202202100DAL,DAL,LAC,112,105,True
595,202202100DAL,LAC,DAL,105,112,False
596,202202100DET,DET,MEM,107,132,False
597,202202100DET,MEM,DET,132,107,True
598,202202100GSW,GSW,NYK,114,116,False
599,202202100GSW,NYK,GSW,116,114,True
600,202202100HOU,TOR,HOU,139,120,True
601,202202100HOU,HOU,TOR,120,139,False
602,202202100NOP,MIA,NOP,112,97,True
603,202202100NOP,NOP,MIA,97,112,False
604,202202100PHO,MIL,PHO,107,131,False
605,202202100PHO,PHO,MIL,131,107,True
606,202202100WAS,WAS,BRK,113,112,True
607,202202100WAS,BRK,WAS,112,113,False
608,202202110ATL,ATL,SAS,121,136,False
609,202202110ATL,SAS,ATL,136,121,True
610,202202110BOS,BOS,DEN,108,102,True
611,202202110BOS,DEN,BOS,102,108,False
612,202202110CHI,CHI,MIN,134,122,True
613,202202110CHI,MIN,CHI,122,134,False
614,202202110DET,CHO,DET,141,119,True
615,202202110DET,DET,CHO,119,141,False
616,202202110IND,IND,CLE,113,120,False
617,202202110IND,CLE,IND,120,113,True
618,202202110PHI,PHI,OKC,100,87,True
619,202202110PHI,OKC,PHI,87,100,False
620,202202110UTA,ORL,UTA,99,114,False
621,202202110UTA,UTA,ORL,114,99,True
622,202202120CHI,OKC,CHI,101,106,False
623,202202120CHI,CHI,OKC,106,101,True
624,202202120CHO,MEM,CHO,125,118,True
625,202202120CHO,CHO,MEM,118,125,False
626,202202120DAL,DAL,LAC,97,99,False
627,202202120DAL,LAC,DAL,99,97,True
628,202202120GSW,GSW,LAL,117,115,True
629,202202120GSW,LAL,GSW,115,117,False
630,202202120MIA,BRK,MIA,111,115,False
631,202202120MIA,MIA,BRK,115,111,True
632,202202120NOP,SAS,NOP,124,114,True
633,202202120NOP,NOP,SAS,114,124,False
634,202202120PHI,CLE,PHI,93,103,False
635,202202120PHI,PHI,CLE,103,93,True
636,202202120PHO,PHO,ORL,132,105,True
637,202202120PHO,ORL,PHO,105,132,False
638,202202120POR,POR,NYK,112,103,True
639,202202120POR,NYK,POR,103,112,False
640,202202120TOR,DEN,TOR,110,109,True
641,202202120TOR,TOR,DEN,109,110,False
642,202202120WAS,SAC,WAS,123,110,True
643,202202120WAS,WAS,SAC,110,123,False
644,202202130BOS,BOS,ATL,105,95,True
645,202202130BOS,ATL,BOS,95,105,False
646,202202130IND,MIN,IND,129,120,True
647,202202130IND,IND,MIN,120,129,False
648,202202140BRK,SAC,BRK,85,109,False
649,202202140BRK,BRK,SAC,109,85,True
650,202202140CHI,SAS,CHI,109,120,False
651,202202140CHI,CHI,SAS,120,109,True
652,202202140DEN,DEN,ORL,121,111,True
653,202202140DEN,ORL,DEN,111,121,False
654,202202140LAC,GSW,LAC,104,119,False
655,202202140LAC,LAC,GSW,119,104,True
656,202202140MIL,POR,MIL,122,107,True
657,202202140MIL,MIL,POR,107,122,False
658,202202140NOP,NOP,TOR,120,90,True
659,202202140NOP,TOR,NOP,90,120,False
660,202202140NYK,OKC,NYK,127,123,True
661,202202140NYK,NYK,OKC,123,127,False
662,202202140UTA,UTA,HOU,135,101,True
663,202202140UTA,HOU,UTA,101,135,False
664,202202140WAS,WAS,DET,103,94,True
665,202202140WAS,DET,WAS,94,103,False
666,202202150ATL,ATL,CLE,124,116,True
667,202202150ATL,CLE,ATL,116,124,False
668,202202150MIA,DAL,MIA,107,99,True
669,202202150MIA,MIA,DAL,99,107,False
670,202202150MIL,IND,MIL,119,128,False
671,202202150MIL,MIL,IND,128,119,True
672,202202150MIN,CHO,MIN,120,126,False
673,202202150MIN,MIN,CHO,126,120,True
674,202202150NOP,MEM,NOP,121,109,True
675,202202150NOP,NOP,MEM,109,121,False
676,202202150PHI,BOS,PHI,135,87,True
677,202202150PHI,PHI,BOS,87,135,False
678,202202150PHO,LAC,PHO,96,103,False
679,202202150PHO,PHO,LAC,103,96,True
680,202202160BOS,BOS,DET,111,112,False
681,202202160BOS,DET,BOS,112,111,True
682,202202160CHI,SAC,CHI,118,125,False
683,202202160CHI,CHI,SAC,125,118,True
684,202202160GSW,DEN,GSW,117,116,True
685,202202160GSW,GSW,DEN,116,117,False
686,202202160IND,IND,WAS,113,108,True
687,202202160IND,WAS,IND,108,113,False
688,202202160LAL,UTA,LAL,101,106,False
689,202202160LAL,LAL,UTA,106,101,True
690,202202160MEM,POR,MEM,123,119,True
691,202202160MEM,MEM,POR,119,123,False
692,202202160MIN,MIN,TOR,91,103,False
693,202202160MIN,TOR,MIN,103,91,True
694,202202160NYK,BRK,NYK,111,106,True
695,202202160NYK,NYK,BRK,106,111,False
696,202202160OKC,OKC,SAS,106,114,False
697,202202160OKC,SAS,OKC,114,106,True
698,202202160ORL,ORL,ATL,109,130,False
699,202202160ORL,ATL,ORL,130,109,True
700,202202160PHO,HOU,PHO,121,124,False
701,202202160PHO,PHO,HOU,124,121,True
702,202202170BRK,WAS,BRK,117,103,True
703,202202170BRK,BRK,WAS,103,117,False
704,202202170CHO,CHO,MIA,107,111,False
705,202202170CHO,MIA,CHO,111,107,True
706,202202170LAC,LAC,HOU,142,111,True
707,202202170LAC,HOU,LAC,111,142,False
708,202202170MIL,PHI,MIL,123,120,True
709,202202170MIL,MIL,PHI,120,123,False
710,202202170NOP,DAL,NOP,125,118,True
711,202202170NOP,NOP,DAL,118,125,False
712,202202240BRK,BRK,BOS,106,129,False
713,202202240BRK,BOS,BRK,129,106,True
714,202202240CHI,CHI,ATL,112,108,True
715,202202240CHI,ATL,CHI,108,112,False
716,202202240DET,DET,CLE,106,103,True
717,202202240DET,CLE,DET,103,106,False
718,202202240MIN,MEM,MIN,114,119,False
719,202202240MIN,MIN,MEM,119,114,True
720,202202240OKC,PHO,OKC,124,104,True
721,202202240OKC,OKC,PHO,104,124,False
722,202202240POR,GSW,POR,132,95,True
723,202202240POR,POR,GSW,95,132,False
724,202202240SAC,DEN,SAC,128,110,True
725,202202240SAC,SAC,DEN,110,128,False
726,202202250CHO,TOR,CHO,93,125,False
727,202202250CHO,CHO,TOR,125,93,True
728,202202250IND,IND,OKC,125,129,False
729,202202250IND,OKC,IND,129,125,True
730,202202250LAL,LAL,LAC,102,105,False
731,202202250LAL,LAC,LAL,105,102,True
732,202202250MIN,PHI,MIN,133,102,True
733,202202250MIN,MIN,PHI,102,133,False
734,202202250NYK,NYK,MIA,100,115,False
735,202202250NYK,MIA,NYK,115,100,True
736,202202250ORL,HOU,ORL,111,119,False
737,202202250ORL,ORL,HOU,119,111,True
738,202202250PHO,NOP,PHO,117,102,True
739,202202250PHO,PHO,NOP,102,117,False
740,202202250UTA,UTA,DAL,114,109,True
741,202202250UTA,DAL,UTA,109,114,False
742,202202250WAS,SAS,WAS,157,153,True
743,202202250WAS,WAS,SAS,153,157,False
744,202202260ATL,TOR,ATL,100,127,False
745,202202260ATL,ATL,TOR,127,100,True
746,202202260CHI,MEM,CHI,116,110,True
747,202202260CHI,CHI,MEM,110,116,False
748,202202260CLE,CLE,WAS,92,86,True
749,202202260CLE,WAS,CLE,86,92,False
750,202202260DEN,SAC,DEN,110,115,False
751,202202260DEN,DEN,SAC,115,110,True
752,202202260DET,DET,BOS,104,113,False
753,202202260DET,BOS,DET,113,104,True
754,202202260MIA,SAS,MIA,129,133,False
755,202202260MIA,MIA,SAS,133,129,True
756,202202260MIL,MIL,BRK,123,126,False
757,202202260MIL,BRK,MIL,126,123,True
758,202202270CHO,CHO,DET,126,127,False
759,202202270CHO,DET,CHO,127,126,True
760,202202270GSW,DAL,GSW,107,101,True
761,202202270GSW,GSW,DAL,101,107,False
762,202202270HOU,LAC,HOU,99,98,True
763,202202270HOU,HOU,LAC,98,99,False
764,202202270IND,BOS,IND,107,128,False
765,202202270IND,IND,BOS,128,107,True
766,202202270LAL,LAL,NOP,95,123,False
767,202202270LAL,NOP,LAL,123,95,True
768,202202270NYK,NYK,PHI,109,125,False
769,202202270NYK,PHI,NYK,125,109,True
770,202202270PHO,PHO,UTA,114,118,False
771,202202270PHO,UTA,PHO,118,114,True
772,202202270POR,DEN,POR,124,92,True
773,202202270POR,POR,DEN,92,124,False
774,202202280BRK,BRK,TOR,97,133,False
775,202202280BRK,TOR,BRK,133,97,True
776,202202280CLE,CLE,MIN,122,127,False
777,202202280CLE,MIN,CLE,127,122,True
778,202202280MEM,SAS,MEM,105,118,False
779,202202280MEM,MEM,SAS,118,105,True
780,202202280MIA,MIA,CHI,112,99,True
781,202202280MIA,CHI,MIA,99,112,False
782,202202280MIL,CHO,MIL,106,130,False
783,202202280MIL,MIL,CHO,130,106,True
784,202202280OKC,SAC,OKC,131,110,True
785,202202280OKC,OKC,SAC,110,131,False
786,202202280ORL,IND,ORL,103,119,False
787,202202280ORL,ORL,IND,119,103,True
788,202203010BOS,BOS,ATL,107,98,True
789,202203010BOS,ATL,BOS,98,107,False
790,202203010HOU,HOU,LAC,100,113,False
791,202203010HOU,LAC,HOU,113,100,True
792,202203010LAL,LAL,DAL,104,109,False
793,202203010LAL,DAL,LAL,109,104,True
794,202203010MIN,MIN,GSW,129,114,True
795,202203010MIN,GSW,MIN,114,129,False
796,202203010TOR,TOR,BRK,109,108,True
797,202203010TOR,BRK,TOR,108,109,False
798,202203010WAS,WAS,DET,116,113,True
799,202203010WAS,DET,WAS,113,116,False
800,202203020CLE,CLE,CHO,98,119,False
801,202203020CLE,CHO,CLE,119,98,True
802,202203020DEN,DEN,OKC,107,119,False
803,202203020DEN,OKC,DEN,119,107,True
804,202203020HOU,HOU,UTA,127,132,False
805,202203020HOU,UTA,HOU,132,127,True
806,202203020MIL,MIA,MIL,119,120,False
807,202203020MIL,MIL,MIA,120,119,True
808,202203020NOP,SAC,NOP,95,125,False
809,202203020NOP,NOP,SAC,125,95,True
810,202203020ORL,IND,ORL,122,114,True
811,202203020ORL,ORL,IND,114,122,False
812,202203020PHI,PHI,NYK,123,108,True
813,202203020PHI,NYK,PHI,108,123,False
814,202203020PHO,POR,PHO,90,120,False
815,202203020PHO,PHO,POR,120,90,True
816,202203030ATL,CHI,ATL,124,130,False
817,202203030ATL,ATL,CHI,130,124,True
818,202203030BOS,MEM,BOS,107,120,False
819,202203030BOS,BOS,MEM,120,107,True
820,202203030BRK,MIA,BRK,113,107,True
821,202203030BRK,BRK,MIA,107,113,False
822,202203030DAL,GSW,DAL,113,122,False
823,202203030DAL,DAL,GSW,122,113,True
824,202203030LAC,LAL,LAC,111,132,False
825,202203030LAC,LAC,LAL,132,111,True
826,202203030SAS,SAS,SAC,112,115,False
827,202203030SAS,SAC,SAS,115,112,True
828,202203030TOR,DET,TOR,108,106,True
829,202203030TOR,TOR,DET,106,108,False
830,202203040CHI,CHI,MIL,112,118,False
831,202203040CHI,MIL,CHI,118,112,True
832,202203040DEN,HOU,DEN,101,116,False
833,202203040DEN,DEN,HOU,116,101,True
834,202203040DET,IND,DET,106,111,False
835,202203040DET,DET,IND,111,106,True
836,202203040NOP,UTA,NOP,90,124,False
837,202203040NOP,NOP,UTA,124,90,True
838,202203040OKC,OKC,MIN,101,138,False
839,202203040OKC,MIN,OKC,138,101,True
840,202203040PHI,PHI,CLE,125,119,True
841,202203040PHI,CLE,PHI,119,125,False
842,202203040PHO,PHO,NYK,115,114,True
843,202203040PHO,NYK,PHO,114,115,False
844,202203040TOR,TOR,ORL,97,103,False
845,202203040TOR,ORL,TOR,103,97,True
846,202203040WAS,ATL,WAS,117,114,True
847,202203040WAS,WAS,ATL,114,117,False
848,202203050CHO,CHO,SAS,123,117,True
849,202203050CHO,SAS,CHO,117,123,False
850,202203050DAL,DAL,SAC,114,113,True
851,202203050DAL,SAC,DAL,113,114,False
852,202203050LAL,LAL,GSW,124,116,True
853,202203050LAL,GSW,LAL,116,124,False
854,202203050MEM,MEM,ORL,124,96,True
855,202203050MEM,ORL,MEM,96,124,False
856,202203050MIA,MIA,PHI,99,82,True
857,202203050MIA,PHI,MIA,82,99,False
858,202203050MIN,MIN,POR,135,121,True
859,202203050MIN,POR,MIN,121,135,False
860,202203060BOS,BOS,BRK,126,120,True
861,202203060BOS,BRK,BOS,120,126,False
862,202203060CLE,TOR,CLE,96,104,False
863,202203060CLE,CLE,TOR,104,96,True
864,202203060DEN,DEN,NOP,138,130,True
865,202203060DEN,NOP,DEN,130,138,False
866,202203060HOU,MEM,HOU,112,123,False
867,202203060HOU,HOU,MEM,123,112,True
868,202203060LAC,NYK,LAC,116,93,True
869,202203060LAC,LAC,NYK,93,116,False
870,202203060MIL,MIL,PHO,132,122,True
871,202203060MIL,PHO,MIL,122,132,False
872,202203060OKC,OKC,UTA,103,116,False
873,202203060OKC,UTA,OKC,116,103,True
874,202203060WAS,WAS,IND,133,123,True
875,202203060WAS,IND,WAS,123,133,False
876,202203070DAL,UTA,DAL,103,111,False
877,202203070DAL,DAL,UTA,111,103,True
878,202203070DEN,DEN,GSW,131,124,True
879,202203070DEN,GSW,DEN,124,131,False
880,202203070DET,ATL,DET,110,113,False
881,202203070DET,DET,ATL,113,110,True
882,202203070MIA,MIA,HOU,123,106,True
883,202203070MIA,HOU,MIA,106,123,False
884,202203070MIN,MIN,POR,124,81,True
885,202203070MIN,POR,MIN,81,124,False
886,202203070PHI,CHI,PHI,106,121,False
887,202203070PHI,PHI,CHI,121,106,True
888,202203070SAC,SAC,NYK,115,131,False
889,202203070SAC,NYK,SAC,131,115,True
890,202203070SAS,SAS,LAL,117,110,True
891,202203070SAS,LAL,SAS,110,117,False
892,202203080CHO,BRK,CHO,132,121,True
893,202203080CHO,CHO,BRK,121,132,False
894,202203080GSW,GSW,LAC,112,97,True
895,202203080GSW,LAC,GSW,97,112,False
896,202203080IND,CLE,IND,127,124,True
897,202203080IND,IND,CLE,124,127,False
898,202203080MEM,MEM,NOP,132,111,True
899,202203080MEM,NOP,MEM,111,132,False
900,202203080OKC,OKC,MIL,115,142,False
901,202203080OKC,MIL,OKC,142,115,True
902,202203080ORL,PHO,ORL,102,99,True
903,202203080ORL,ORL,PHO,99,102,False
904,202203090CHO,BOS,CHO,115,101,True
905,202203090CHO,CHO,BOS,101,115,False
906,202203090DAL,NYK,DAL,107,77,True
907,202203090DAL,DAL,NYK,77,107,False
908,202203090DET,DET,CHI,108,114,False
909,202203090DET,CHI,DET,114,108,True
910,202203090HOU,HOU,LAL,139,130,True
911,202203090HOU,LAL,HOU,130,139,False
912,202203090LAC,LAC,WAS,115,109,True
913,202203090LAC,WAS,LAC,109,115,False
914,202203090MIA,MIA,PHO,90,111,False
915,202203090MIA,PHO,MIA,111,90,True
916,202203090MIL,ATL,MIL,115,124,False
917,202203090MIL,MIL,ATL,124,115,True
918,202203090MIN,OKC,MIN,102,132,False
919,202203090MIN,MIN,OKC,132,102,True
920,202203090NOP,ORL,NOP,108,102,True
921,202203090NOP,NOP,ORL,102,108,False
922,202203090SAC,SAC,DEN,100,106,False
923,202203090SAC,DEN,SAC,106,100,True
924,202203090SAS,SAS,TOR,104,119,False
925,202203090SAS,TOR,SAS,119,104,True
926,202203090UTA,UTA,POR,123,85,True
927,202203090UTA,POR,UTA,85,123,False
928,202203100DEN,DEN,GSW,102,113,False
929,202203100DEN,GSW,DEN,113,102,True
930,202203100PHI,PHI,BRK,100,129,False
931,202203100PHI,BRK,PHI,129,100,True
932,202203110ATL,LAC,ATL,106,112,False
933,202203110ATL,ATL,LAC,112,106,True
934,202203110BOS,DET,BOS,103,114,False
935,202203110BOS,BOS,DET,114,103,True
936,202203110HOU,DAL,HOU,113,100,True
937,202203110HOU,HOU,DAL,100,113,False
938,202203110LAL,LAL,WAS,122,109,True
939,202203110LAL,WAS,LAL,109,122,False
940,202203110MEM,MEM,NYK,118,114,True
941,202203110MEM,NYK,MEM,114,118,False
942,202203110MIA,CLE,MIA,105,117,False
943,202203110MIA,MIA,CLE,117,105,True
944,202203110NOP,NOP,CHO,120,142,False
945,202203110NOP,CHO,NOP,142,120,True
946,202203110ORL,ORL,MIN,118,110,True
947,202203110ORL,MIN,ORL,110,118,False
948,202203110PHO,TOR,PHO,117,112,True
949,202203110PHO,PHO,TOR,112,117,False
950,202203110SAS,SAS,UTA,104,102,True
951,202203110SAS,UTA,SAS,102,104,False
952,202203120CHI,CHI,CLE,101,91,True
953,202203120CHI,CLE,CHI,91,101,False
954,202203120DEN,TOR,DEN,127,115,True
955,202203120DEN,DEN,TOR,115,127,False
956,202203120GSW,GSW,MIL,122,109,True
957,202203120GSW,MIL,GSW,109,122,False
958,202203120MIA,MIA,MIN,104,113,False
959,202203120MIA,MIN,MIA,113,104,True
960,202203120POR,WAS,POR,118,127,False
961,202203120POR,POR,WAS,127,118,True
962,202203120SAS,SAS,IND,108,119,False
963,202203120SAS,IND,SAS,119,108,True
964,202203120UTA,UTA,SAC,134,125,True
965,202203120UTA,SAC,UTA,125,134,False
966,202203130ATL,IND,ATL,128,131,False
967,202203130ATL,ATL,IND,131,128,True
968,202203130BOS,BOS,DAL,92,95,False
969,202203130BOS,DAL,BOS,95,92,True
970,202203130BRK,NYK,BRK,107,110,False
971,202203130BRK,BRK,NYK,110,107,True
972,202203130DET,DET,LAC,102,106,False
973,202203130DET,LAC,DET,106,102,True
974,202203130NOP,HOU,NOP,105,130,False
975,202203130NOP,NOP,HOU,130,105,True
976,202203130OKC,MEM,OKC,125,118,True
977,202203130OKC,OKC,MEM,118,125,False
978,202203130ORL,PHI,ORL,116,114,True
979,202203130ORL,ORL,PHI,114,116,False
980,202203130PHO,LAL,PHO,111,140,False
981,202203130PHO,PHO,LAL,140,111,True
982,202203140ATL,ATL,POR,122,113,True
983,202203140ATL,POR,ATL,113,122,False
984,202203140CLE,LAC,CLE,111,120,False
985,202203140CLE,CLE,LAC,120,111,True
986,202203140GSW,GSW,WAS,126,112,True
987,202203140GSW,WAS,GSW,112,126,False
988,202203140LAL,LAL,TOR,103,114,False
989,202203140LAL,TOR,LAL,114,103,True
990,202203140OKC,CHO,OKC,134,116,True
991,202203140OKC,OKC,CHO,116,134,False
992,202203140PHI,DEN,PHI,114,110,True
993,202203140PHI,PHI,DEN,110,114,False
994,202203140SAC,SAC,CHI,112,103,True
995,202203140SAC,CHI,SAC,103,112,False
996,202203140SAS,MIN,SAS,149,139,True
997,202203140SAS,SAS,MIN,139,149,False
998,202203140UTA,UTA,MIL,111,117,False
999,202203140UTA,MIL,UTA,117,111,True
1000,202203150IND,MEM,IND,135,102,True
1001,202203150IND,IND,MEM,102,135,False
1002,202203150MIA,MIA,DET,105,98,True
1003,202203150MIA,DET,MIA,98,105,False
1004,202203150NOP,PHO,NOP,131,115,True
1005,202203150NOP,NOP,PHO,115,131,False
1006,202203150ORL,BRK,ORL,150,108,True
1007,202203150ORL,ORL,BRK,108,150,False
1008,202203160BRK,BRK,DAL,111,113,False
1009,202203160BRK,DAL,BRK,113,111,True
1010,202203160CHO,ATL,CHO,106,116,False
1011,202203160CHO,CHO,ATL,116,106,True
1012,202203160CLE,CLE,PHI,114,118,False
1013,202203160CLE,PHI,CLE,118,114,True
1014,202203160GSW,GSW,BOS,88,110,False
1015,202203160GSW,BOS,GSW,110,88,True
1016,202203160HOU,PHO,HOU,129,112,True
1017,202203160HOU,HOU,PHO,112,129,False
1018,202203160LAC,TOR,LAC,103,100,True
1019,202203160LAC,LAC,TOR,100,103,False
1020,202203160MIN,LAL,MIN,104,124,False
1021,202203160MIN,MIN,LAL,124,104,True
1022,202203160NYK,POR,NYK,98,128,False
1023,202203160NYK,NYK,POR,128,98,True
1024,202203160SAC,SAC,MIL,126,135,False
1025,202203160SAC,MIL,SAC,135,126,True
1026,202203160SAS,OKC,SAS,120,122,False
1027,202203160SAS,SAS,OKC,122,120,True
1028,202203160UTA,UTA,CHI,125,110,True
1029,202203160UTA,CHI,UTA,110,125,False
1030,202203160WAS,WAS,DEN,109,127,False
1031,202203160WAS,DEN,WAS,127,109,True
1032,202203170ORL,DET,ORL,134,120,True
1033,202203170ORL,ORL,DET,120,134,False
1034,202203180ATL,ATL,MEM,120,105,True
1035,202203180ATL,MEM,ATL,105,120,False
1036,202203180BRK,POR,BRK,123,128,False
1037,202203180BRK,BRK,POR,128,123,True
1038,202203180CLE,CLE,DEN,119,116,True
1039,202203180CLE,DEN,CLE,116,119,False
1040,202203180HOU,HOU,IND,118,121,False
1041,202203180HOU,IND,HOU,121,118,True
1042,202203180MIA,MIA,OKC,120,108,True
1043,202203180MIA,OKC,MIA,108,120,False
1044,202203180NYK,WAS,NYK,97,100,False
1045,202203180NYK,NYK,WAS,100,97,True
1046,202203180PHI,PHI,DAL,111,101,True
1047,202203180PHI,DAL,PHI,101,111,False
1048,202203180PHO,CHI,PHO,102,129,False
1049,202203180PHO,PHO,CHI,129,102,True
1050,202203180SAC,SAC,BOS,97,126,False
1051,202203180SAC,BOS,SAC,126,97,True
1052,202203180SAS,SAS,NOP,91,124,False
1053,202203180SAS,NOP,SAS,124,91,True
1054,202203180TOR,TOR,LAL,123,128,False
1055,202203180TOR,LAL,TOR,128,123,True
1056,202203180UTA,UTA,LAC,121,92,True
1057,202203180UTA,LAC,UTA,92,121,False
1058,202203190CHO,CHO,DAL,129,108,True
1059,202203190CHO,DAL,CHO,108,129,False
1060,202203190CLE,DET,CLE,109,113,False
1061,202203190CLE,CLE,DET,113,109,True
1062,202203190MIN,MIN,MIL,138,119,True
1063,202203190MIN,MIL,MIN,119,138,False
1064,202203190WAS,LAL,WAS,119,127,False
1065,202203190WAS,WAS,LAL,127,119,True
1066,202203200ATL,NOP,ATL,117,112,True
1067,202203200ATL,ATL,NOP,112,117,False
1068,202203200DEN,DEN,BOS,104,124,False
1069,202203200DEN,BOS,DEN,124,104,True
1070,202203200GSW,SAS,GSW,110,108,True
1071,202203200GSW,GSW,SAS,108,110,False
1072,202203200HOU,MEM,HOU,122,98,True
1073,202203200HOU,HOU,MEM,98,122,False
1074,202203200IND,POR,IND,98,129,False
1075,202203200IND,IND,POR,129,98,True
1076,202203200NYK,NYK,UTA,93,108,False
1077,202203200NYK,UTA,NYK,108,93,True
1078,202203200ORL,OKC,ORL,85,90,False
1079,202203200ORL,ORL,OKC,90,85,True
1080,202203200PHI,TOR,PHI,93,88,True
1081,202203200PHI,PHI,TOR,88,93,False
1082,202203200SAC,PHO,SAC,127,124,True
1083,202203200SAC,SAC,PHO,124,127,False
1084,202203210BRK,UTA,BRK,106,114,False
1085,202203210BRK,BRK,UTA,114,106,True
1086,202203210CHI,CHI,TOR,113,99,True
1087,202203210CHI,TOR,CHI,99,113,False
1088,202203210CHO,CHO,NOP,106,103,True
1089,202203210CHO,NOP,CHO,103,106,False
1090,202203210CLE,LAL,CLE,131,120,True
1091,202203210CLE,CLE,LAL,120,131,False
1092,202203210DAL,DAL,MIN,110,108,True
1093,202203210DAL,MIN,DAL,108,110,False
1094,202203210DET,POR,DET,119,115,True
1095,202203210DET,DET,POR,115,119,False
1096,202203210HOU,WAS,HOU,97,115,False
1097,202203210HOU,HOU,WAS,115,97,True
1098,202203210OKC,BOS,OKC,132,123,True
1099,202203210OKC,OKC,BOS,123,132,False
1100,202203210PHI,MIA,PHI,106,113,False
1101,202203210PHI,PHI,MIA,113,106,True
1102,202203220DEN,LAC,DEN,115,127,False
1103,202203220DEN,DEN,LAC,127,115,True
1104,202203220MIL,CHI,MIL,98,126,False
1105,202203220MIL,MIL,CHI,126,98,True
1106,202203220NYK,ATL,NYK,117,111,True
1107,202203220NYK,NYK,ATL,111,117,False
1108,202203220ORL,ORL,GSW,94,90,True
1109,202203220ORL,GSW,ORL,90,94,False
1110,202203230BOS,BOS,UTA,125,97,True
1111,202203230BOS,UTA,BOS,97,125,False
1112,202203230CHO,NYK,CHO,121,106,True
1113,202203230CHO,CHO,NYK,106,121,False
1114,202203230DAL,HOU,DAL,91,110,False
1115,202203230DAL,DAL,HOU,110,91,True
1116,202203230DET,DET,ATL,122,101,True
1117,202203230DET,ATL,DET,101,122,False
1118,202203230IND,SAC,IND,110,109,True
1119,202203230IND,IND,SAC,109,110,False
1120,202203230LAL,LAL,PHI,121,126,False
1121,202203230LAL,PHI,LAL,126,121,True
1122,202203230MEM,BRK,MEM,120,132,False
1123,202203230MEM,MEM,BRK,132,120,True
1124,202203230MIA,GSW,MIA,118,104,True
1125,202203230MIA,MIA,GSW,104,118,False
1126,202203230MIN,PHO,MIN,125,116,True
1127,202203230MIN,MIN,PHO,116,125,False
1128,202203230OKC,OKC,ORL,118,102,True
1129,202203230OKC,ORL,OKC,102,118,False
1130,202203230POR,SAS,POR,133,96,True
1131,202203230POR,POR,SAS,96,133,False
1132,202203240DEN,PHO,DEN,140,130,True
1133,202203240DEN,DEN,PHO,130,140,False
1134,202203240MEM,IND,MEM,103,133,False
1135,202203240MEM,MEM,IND,133,103,True
1136,202203240MIL,WAS,MIL,102,114,False
1137,202203240MIL,MIL,WAS,114,102,True
1138,202203240NOP,CHI,NOP,109,126,False
1139,202203240NOP,NOP,CHI,126,109,True
1140,202203240TOR,CLE,TOR,104,117,False
1141,202203240TOR,TOR,CLE,117,104,True
1142,202203250ATL,ATL,GSW,121,110,True
1143,202203250ATL,GSW,ATL,110,121,False
1144,202203250CHO,UTA,CHO,101,107,False
1145,202203250CHO,CHO,UTA,107,101,True
1146,202203250DET,WAS,DET,100,97,True
1147,202203250DET,DET,WAS,97,100,False
1148,202203250LAC,LAC,PHI,97,122,False
1149,202203250LAC,PHI,LAC,122,97,True
1150,202203250MIA,NYK,MIA,111,103,True
1151,202203250MIA,MIA,NYK,103,111,False
1152,202203250MIN,DAL,MIN,95,116,False
1153,202203250MIN,MIN,DAL,116,95,True
1154,202203250POR,POR,HOU,106,125,False
1155,202203250POR,HOU,POR,125,106,True
1156,202203260CLE,CHI,CLE,98,94,True
1157,202203260CLE,CLE,CHI,94,98,False
1158,202203260DEN,OKC,DEN,107,113,False
1159,202203260DEN,DEN,OKC,113,107,True
1160,202203260MEM,MEM,MIL,127,102,True
1161,202203260MEM,MIL,MEM,102,127,False
1162,202203260MIA,BRK,MIA,110,95,True
1163,202203260MIA,MIA,BRK,95,110,False
1164,202203260NOP,NOP,SAS,103,107,False
1165,202203260NOP,SAS,NOP,107,103,True
1166,202203260ORL,ORL,SAC,110,114,False
1167,202203260ORL,SAC,ORL,114,110,True
1168,202203260POR,POR,HOU,98,115,False
1169,202203260POR,HOU,POR,115,98,True
1170,202203260TOR,IND,TOR,91,131,False
1171,202203260TOR,TOR,IND,131,91,True
1172,202203270BOS,MIN,BOS,112,134,False
1173,202203270BOS,BOS,MIN,134,112,True
1174,202203270BRK,BRK,CHO,110,119,False
1175,202203270BRK,CHO,BRK,119,110,True
1176,202203270DAL,UTA,DAL,100,114,False
1177,202203270DAL,DAL,UTA,114,100,True
1178,202203270DET,DET,NYK,102,104,False
1179,202203270DET,NYK,DET,104,102,True
1180,202203270NOP,NOP,LAL,116,108,True
1181,202203270NOP,LAL,NOP,108,116,False
1182,202203270PHO,PHO,PHI,114,104,True
1183,202203270PHO,PHI,PHO,104,114,False
1184,202203270WAS,WAS,GSW,123,115,True
1185,202203270WAS,GSW,WAS,115,123,False
1186,202203280CHO,CHO,DEN,109,113,False
1187,202203280CHO,DEN,CHO,113,109,True
1188,202203280CLE,ORL,CLE,101,107,False
1189,202203280CLE,CLE,ORL,107,101,True
1190,202203280HOU,HOU,SAS,120,123,False
1191,202203280HOU,SAS,HOU,123,120,True
1192,202203280IND,IND,ATL,123,132,False
1193,202203280IND,ATL,IND,132,123,True
1194,202203280MEM,GSW,MEM,95,123,False
1195,202203280MEM,MEM,GSW,123,95,True
1196,202203280MIA,MIA,SAC,123,100,True
1197,202203280MIA,SAC,MIA,100,123,False
1198,202203280NYK,CHI,NYK,104,109,False
1199,202203280NYK,NYK,CHI,109,104,True
1200,202203280POR,OKC,POR,134,131,True
1201,202203280POR,POR,OKC,131,134,False
1202,202203280TOR,TOR,BOS,115,112,True
1203,202203280TOR,BOS,TOR,112,115,False
1204,202203290BRK,DET,BRK,123,130,False
1205,202203290BRK,BRK,DET,130,123,True
1206,202203290DAL,DAL,LAL,128,110,True
1207,202203290DAL,LAL,DAL,110,128,False
1208,202203290LAC,UTA,LAC,115,121,False
1209,202203290LAC,LAC,UTA,121,115,True
1210,202203290PHI,PHI,MIL,116,118,False
1211,202203290PHI,MIL,PHI,118,116,True
1212,202203290WAS,WAS,CHI,94,107,False
1213,202203290WAS,CHI,WAS,107,94,True
1214,202203300BOS,MIA,BOS,106,98,True
1215,202203300BOS,BOS,MIA,98,106,False
1216,202203300CLE,CLE,DAL,112,120,False
1217,202203300CLE,DAL,CLE,120,112,True
1218,202203300GSW,PHO,GSW,107,103,True
1219,202203300GSW,GSW,PHO,103,107,False
1220,202203300HOU,SAC,HOU,121,118,True
1221,202203300HOU,HOU,SAC,118,121,False
1222,202203300IND,IND,DEN,118,125,False
1223,202203300IND,DEN,IND,125,118,True
1224,202203300NYK,NYK,CHO,114,125,False
1225,202203300NYK,CHO,NYK,125,114,True
1226,202203300OKC,OKC,ATL,118,136,False
1227,202203300OKC,ATL,OKC,136,118,True
1228,202203300POR,POR,NOP,107,117,False
1229,202203300POR,NOP,POR,117,107,True
1230,202203300SAS,MEM,SAS,112,111,True
1231,202203300SAS,SAS,MEM,111,112,False
1232,202203300TOR,TOR,MIN,125,102,True
1233,202203300TOR,MIN,TOR,102,125,False
1234,202203300WAS,ORL,WAS,110,127,False
1235,202203300WAS,WAS,ORL,127,110,True
1236,202203310ATL,ATL,CLE,131,107,True
1237,202203310ATL,CLE,ATL,107,131,False
1238,202203310BRK,MIL,BRK,120,119,True
1239,202203310BRK,BRK,MIL,119,120,False
1240,202203310CHI,LAC,CHI,130,135,False
1241,202203310CHI,CHI,LAC,135,130,True
1242,202203310DET,DET,PHI,102,94,True
1243,202203310DET,PHI,DET,94,102,False
1244,202203310UTA,UTA,LAL,122,109,True
1245,202203310UTA,LAL,UTA,109,122,False
1246,202204010BOS,IND,BOS,123,128,False
1247,202204010BOS,BOS,IND,128,123,True
1248,202204010DEN,MIN,DEN,136,130,True
1249,202204010DEN,DEN,MIN,130,136,False
1250,202204010HOU,SAC,HOU,122,117,True
1251,202204010HOU,HOU,SAC,117,122,False
1252,202204010LAL,NOP,LAL,114,111,True
1253,202204010LAL,LAL,NOP,111,114,False
1254,202204010MEM,MEM,PHO,122,114,True
1255,202204010MEM,PHO,MEM,114,122,False
1256,202204010MIL,LAC,MIL,153,119,True
1257,202204010MIL,MIL,LAC,119,153,False
1258,202204010OKC,DET,OKC,110,101,True
1259,202204010OKC,OKC,DET,101,110,False
1260,202204010ORL,ORL,TOR,89,102,False
1261,202204010ORL,TOR,ORL,102,89,True
1262,202204010SAS,SAS,POR,130,111,True
1263,202204010SAS,POR,SAS,111,130,False
1264,202204010WAS,WAS,DAL,135,103,True
1265,202204010WAS,DAL,WAS,103,135,False
1266,202204020ATL,BRK,ATL,115,122,False
1267,202204020ATL,ATL,BRK,122,115,True
1268,202204020CHI,CHI,MIA,109,127,False
1269,202204020CHI,MIA,CHI,127,109,True
1270,202204020GSW,UTA,GSW,107,111,False
1271,202204020GSW,GSW,UTA,111,107,True
1272,202204020NYK,CLE,NYK,119,101,True
1273,202204020NYK,NYK,CLE,101,119,False
1274,202204020PHI,CHO,PHI,114,144,False
1275,202204020PHI,PHI,CHO,144,114,True
1276,202204030BOS,BOS,WAS,144,102,True
1277,202204030BOS,WAS,BOS,102,144,False
1278,202204030CLE,PHI,CLE,112,108,True
1279,202204030CLE,CLE,PHI,108,112,False
1280,202204030HOU,MIN,HOU,139,132,True
1281,202204030HOU,HOU,MIN,132,139,False
1282,202204030IND,DET,IND,121,117,True
1283,202204030IND,IND,DET,117,121,False
1284,202204030LAC,LAC,NOP,119,100,True
1285,202204030LAC,NOP,LAC,100,119,False
1286,202204030LAL,LAL,DEN,118,129,False
1287,202204030LAL,DEN,LAL,129,118,True
1288,202204030MIL,DAL,MIL,118,112,True
1289,202204030MIL,MIL,DAL,112,118,False
1290,202204030OKC,PHO,OKC,96,117,False
1291,202204030OKC,OKC,PHO,117,96,True
1292,202204030ORL,NYK,ORL,118,88,True
1293,202204030ORL,ORL,NYK,88,118,False
1294,202204030SAC,GSW,SAC,109,90,True
1295,202204030SAC,SAC,GSW,90,109,False
1296,202204030SAS,SAS,POR,113,92,True
1297,202204030SAS,POR,SAS,92,113,False
1298,202204030TOR,TOR,MIA,109,114,False
1299,202204030TOR,MIA,TOR,114,109,True
1300,202204050BRK,HOU,BRK,105,118,False
1301,202204050BRK,BRK,HOU,118,105,True
1302,202204050CHI,MIL,CHI,127,106,True
1303,202204050CHI,CHI,MIL,106,127,False
1304,202204050DEN,SAS,DEN,116,97,True
1305,202204050DEN,DEN,SAS,97,116,False
1306,202204050IND,PHI,IND,131,122,True
1307,202204050IND,IND,PHI,122,131,False
1308,202204050MIA,CHO,MIA,115,144,False
1309,202204050MIA,MIA,CHO,144,115,True
1310,202204050MIN,WAS,MIN,132,114,True
1311,202204050MIN,MIN,WAS,114,132,False
1312,202204050OKC,POR,OKC,94,98,False
1313,202204050OKC,OKC,POR,98,94,True
1314,202204050ORL,CLE,ORL,115,120,False
1315,202204050ORL,ORL,CLE,120,115,True
1316,202204050PHO,PHO,LAL,121,110,True
1317,202204050PHO,LAL,PHO,110,121,False
1318,202204050SAC,SAC,NOP,109,123,False
1319,202204050SAC,NOP,SAC,123,109,True
1320,202204050TOR,TOR,ATL,118,108,True
1321,202204050TOR,ATL,TOR,108,118,False
1322,202204050UTA,UTA,MEM,121,115,True
1323,202204050UTA,MEM,UTA,115,121,False
1324,202204060ATL,WAS,ATL,103,118,False
1325,202204060ATL,ATL,WAS,118,103,True
1326,202204060CHI,BOS,CHI,117,94,True
1327,202204060CHI,CHI,BOS,94,117,False
1328,202204060DET,DAL,DET,131,113,True
1329,202204060DET,DET,DAL,113,131,False
1330,202204060LAC,LAC,PHO,113,109,True
1331,202204060LAC,PHO,LAC,109,113,False
1332,202204060NYK,NYK,BRK,98,110,False
1333,202204060NYK,BRK,NYK,110,98,True
1334,202204060UTA,OKC,UTA,101,137,False
1335,202204060UTA,UTA,OKC,137,101,True
1336,202204070CHO,ORL,CHO,101,128,False
1337,202204070CHO,CHO,ORL,128,101,True
1338,202204070DEN,MEM,DEN,109,122,False
1339,202204070DEN,DEN,MEM,122,109,True
1340,202204070GSW,LAL,GSW,112,128,False
1341,202204070GSW,GSW,LAL,128,112,True
1342,202204070MIL,MIL,BOS,127,121,True
1343,202204070MIL,BOS,MIL,121,127,False
1344,202204070MIN,MIN,SAS,127,121,True
1345,202204070MIN,SAS,MIN,121,127,False
1346,202204070NOP,NOP,POR,127,94,True
1347,202204070NOP,POR,NOP,94,127,False
1348,202204070TOR,PHI,TOR,114,119,False
1349,202204070TOR,TOR,PHI,119,114,True
1350,202204080BRK,BRK,CLE,118,107,True
1351,202204080BRK,CLE,BRK,107,118,False
1352,202204080CHI,CHI,CHO,117,133,False
1353,202204080CHI,CHO,CHI,133,117,True
1354,202204080DAL,POR,DAL,78,128,False
1355,202204080DAL,DAL,POR,128,78,True
1356,202204080DET,DET,MIL,101,131,False
1357,202204080DET,MIL,DET,131,101,True
1358,202204080LAL,LAL,OKC,120,101,True
1359,202204080LAL,OKC,LAL,101,120,False
1360,202204080MIA,MIA,ATL,113,109,True
1361,202204080MIA,ATL,MIA,109,113,False
1362,202204080TOR,TOR,HOU,117,115,True
1363,202204080TOR,HOU,TOR,115,117,False
1364,202204080UTA,PHO,UTA,111,105,True
1365,202204080UTA,UTA,PHO,105,111,False
1366,202204080WAS,NYK,WAS,114,92,True
1367,202204080WAS,WAS,NYK,92,114,False
1368,202204090LAC,LAC,SAC,117,98,True
1369,202204090LAC,SAC,LAC,98,117,False
1370,202204090MEM,NOP,MEM,114,141,False
1371,202204090MEM,MEM,NOP,141,114,True
1372,202204090PHI,PHI,IND,133,120,True
1373,202204090PHI,IND,PHI,120,133,False
1374,202204090SAS,GSW,SAS,100,94,True
1375,202204090SAS,SAS,GSW,94,100,False
1376,202204100BRK,IND,BRK,126,134,False
1377,202204100BRK,BRK,IND,134,126,True
1378,202204100CHO,CHO,WAS,124,108,True
1379,202204100CHO,WAS,CHO,108,124,False
1380,202204100CLE,MIL,CLE,115,133,False
1381,202204100CLE,CLE,MIL,133,115,True
1382,202204100DAL,DAL,SAS,130,120,True
1383,202204100DAL,SAS,DAL,120,130,False
1384,202204100DEN,LAL,DEN,146,141,True
1385,202204100DEN,DEN,LAL,141,146,False
1386,202204100HOU,HOU,ATL,114,130,False
1387,202204100HOU,ATL,HOU,130,114,True
1388,202204100LAC,OKC,LAC,88,138,False
1389,202204100LAC,LAC,OKC,138,88,True
1390,202204100MEM,BOS,MEM,139,110,True
1391,202204100MEM,MEM,BOS,110,139,False
1392,202204100MIN,CHI,MIN,124,120,True
1393,202204100MIN,MIN,CHI,120,124,False
1394,202204100NOP,GSW,NOP,128,107,True
1395,202204100NOP,NOP,GSW,107,128,False
1396,202204100NYK,TOR,NYK,94,105,False
1397,202204100NYK,NYK,TOR,105,94,True
1398,202204100ORL,MIA,ORL,111,125,False
1399,202204100ORL,ORL,MIA,125,111,True
1400,202204100PHI,DET,PHI,106,118,False
1401,202204100PHI,PHI,DET,118,106,True
1402,202204100PHO,SAC,PHO,116,109,True
1403,202204100PHO,PHO,SAC,109,116,False
1404,202204100POR,POR,UTA,80,111,False
1405,202204100POR,UTA,POR,111,80,True
